P,benders,mip,benders_obj,mip_obj
0.2,0.040166616439819336,0.007472038269042969,2715.236193064,2715.2361930639954
0.4,0.021520376205444336,0.0035398006439208984,2269.213289362,2269.213289361999
0.6,0.014215230941772461,0.00664520263671875,2144.8779080179997,2144.8779080179993
0.8,0.006292581558227539,0.0026998519897460938,2089.062599538,2089.0625995379996
