P,benders,mip,benders_obj,mip_obj
0.2,0.017999887466430664,0.009000062942504883,2715.2361930639954,2715.2361930639954
0.4,0.012000083923339844,0.0,2269.213289361998,2269.213289361999
0.6,0.016000032424926758,0.0,2144.877908017999,2144.8779080179993
0.8,0.008999824523925781,0.006999969482421875,2089.0625995379996,2089.0625995379996
