P,benders,mip,benders_obj,mip_obj
0.2,0.04520773887634277,0.020992755889892578,2504.7189245399995,2504.7189245399995
0.4,0.014850378036499023,0.012034416198730469,2361.49506196,2361.49506196
0.6,0.003511190414428711,0.01151132583618164,2340.3211026599997,2340.3211026599997
0.8,0.0063724517822265625,0.0,2340.3211026599997,2340.3211026599997
