P,benders,mip,benders_obj,mip_obj
0.2,0.026000022888183594,0.007999897003173828,2504.718924539999,2504.7189245399995
0.4,0.0279998779296875,0.007999897003173828,2361.4950619599995,2361.49506196
0.6,0.0,0.004000186920166016,2340.3211026599997,2340.3211026599997
0.8,0.0,0.0,2340.3211026599997,2340.3211026599997
