P,benders,mip,benders_obj,mip_obj
0.2,0.04800009727478027,0.03299999237060547,4801.429487223985,4801.429488339998
0.4,0.042999982833862305,0.029000043869018555,3928.026593839999,3928.026593839999
0.6,0.04999995231628418,0.02500009536743164,3774.883038819999,3774.883038819999
0.8,0.0070002079010009766,0.006000041961669922,3747.41870222,3747.41870222
