P,benders,mip,benders_obj,mip_obj
0.2,0.16913294792175293,0.03491330146789551,4801.42948834,4801.429488339998
0.4,0.06649112701416016,0.025958538055419922,3928.0265938399984,3928.026593839999
0.6,0.0363612174987793,0.030569791793823242,3774.88303882,3774.883038819999
0.8,0.01228642463684082,0.010943889617919922,3747.41870222,3747.41870222
