P,benders,mip,benders_obj,mip_obj
0.2,9.03127908706665,0.14410781860351562,1661.8576618817244,1661.8576627
0.4,0.5406630039215088,0.21657800674438477,1457.8642553,1457.8642552999993
0.6,0.11476993560791016,340.0909116268158,1439.1926793,1439.1926793
0.8,0.09509778022766113,0.03455972671508789,1437.6296143,1437.6296143
