P,benders,mip,benders_obj,mip_obj
0.2,0.2329998016357422,0.11700010299682617,1661.8576627000002,1661.8576627
0.4,0.16899991035461426,0.19099998474121094,1457.8642552999997,1457.8642552999993
0.6,0.22500014305114746,340.5420000553131,1439.1926792999998,1439.1926793
0.8,0.023000001907348633,0.009000062942504883,1437.6296143,1437.6296143
