P,benders,mip,benders_obj,mip_obj
0.2,602.4740436077118,0.8017609119415283,307094.43125364056,307092.98517209996
0.4,12.691863775253296,0.5331830978393555,274693.01600567997,274693.01600567985
0.6,2.608299732208252,0.35837268829345703,268135.66118069994,268135.6611806999
0.8,0.441547155380249,0.44826817512512207,266547.33242607,266547.33242606994
