P,benders,mip,benders_obj,mip_obj
0.2,1.2760000228881836,0.5069999694824219,307092.98517209984,307092.98517209996
0.4,0.4830000400543213,0.2709999084472656,274693.01600567997,274693.01600567985
0.6,0.5539999008178711,0.18000006675720215,268135.6611806999,268135.6611806999
0.8,0.28999996185302734,0.2739999294281006,266547.33242606994,266547.33242606994
