P,Obj,Time
0.2,2751.303400774,0.11942243576049805
0.4,2281.482264402,0.14023995399475098
0.6,2190.512464546,0.14581871032714844
0.8,2135.385204432,0.1546485424041748
