P,Obj,Time
0.2,2534.2103402599996,0.2761037349700928
0.4,2444.4278613399997,0.3464791774749756
0.6,2383.31668994,0.4204142093658447
0.8,2353.9632992599995,0.451244592666626
