P,Obj,Time
0.2,5692.940039759999,0.505767822265625
0.4,4698.07031518,0.6634268760681152
0.6,4228.32672038,0.7213108539581299
0.8,4034.86114744,0.8402848243713379
