P,Obj,Time
0.2,2192.8446965,0.7829718589782715
0.4,1724.4035543999998,1.102735996246338
0.6,1538.2006758999999,1.2324249744415283
0.8,1485.4854642999999,1.4618496894836426
