P,Obj,Time
0.2,455092.97934252,6.869602203369141
0.4,363862.33025768993,10.967230081558228
0.6,328892.59287636,14.023830652236938
0.8,310004.27498981997,16.475831508636475
